"store_type","sales","percent_total_sales","order_count"
"Local","4201732.459999622","65.0141599938391","78339"
"Mall Kiosk","706188.7100000051","10.926984574783544","13137"
"Outlet","508411.37000000384","7.866740318794633","9208"
"Super Store","1045395.5800000058","16.175593315853035","19273"
"Web Portal","1067.77","0.016521796729682268","43"
