"store_type","revenue"
"Local",156523.01000000065
"Super Store",43536.779999999984
"Mall Kiosk",22305.28
"Outlet",16346.61
