"month_name","monthly_revenue"
"Aug",66036.31999999995
"Oct",65003.31999999995
"Jul",64503.249999999956
"Dec",63532.19000000007
"Sep",62941.21999999991
"Jan",59054.27000000005
"Jun",58902.490000000005
"May",58131.160000000025
"Nov",56020.55999999989
"Mar",55564.44999999995
"Apr",51306.50000000006
"Feb",48212.82999999997
