"month_number","monthly_revenue"
"08","66048.2900000001"
"10","65003.3200000001"
"07","64531.010000000046"
"12","63558.18999999997"
"09","63461.08999999995"
"01","59114.27000000004"
"06","58902.49000000005"
"05","58131.16000000002"
"11","56056.56000000006"
"03","55567.13999999995"
"04","51381.47000000004"
"02","48212.83000000011"
